timestamp,event_id,n_event,callback_id,value
2024-10-28 17:36:12.444288,enact,1,featured_latency_mean,3.5102557603369577
2024-10-28 17:36:22.738617,enact,2,featured_latency_mean,3.5102557603369577
2024-10-28 17:36:33.037725,enact,3,featured_latency_mean,3.5102557603369577
2024-10-28 17:36:43.288985,enact,4,featured_latency_mean,3.5102557603369577
2024-10-28 17:36:53.573603,enact,5,featured_latency_mean,3.5102557603369577
2024-10-28 17:37:03.860359,enact,6,featured_latency_mean,3.5102557603369577
2024-10-28 17:37:14.142237,enact,7,featured_latency_mean,3.5102557603369577
2024-10-28 17:37:24.430183,enact,8,featured_latency_mean,3.5102557603369577
2024-10-28 17:37:34.672824,enact,9,featured_latency_mean,3.5102557603369577
2024-10-28 17:37:44.967359,enact,10,featured_latency_mean,3.5102557603369577
2024-10-28 17:37:55.213669,enact,11,featured_latency_mean,3.5102557603369577
2024-10-28 17:38:05.465107,enact,12,featured_latency_mean,3.5102557603369577
2024-10-28 17:38:16.006466,enact,13,featured_latency_mean,3.5102557603369577
2024-10-28 17:38:26.290867,enact,14,featured_latency_mean,3.5102557603369577
2024-10-28 17:38:36.578513,enact,15,featured_latency_mean,3.5102557603369577
2024-10-28 17:38:46.871437,enact,16,featured_latency_mean,3.5102557603369577
2024-10-28 17:38:57.143648,enact,17,featured_latency_mean,3.5102557603369577
2024-10-28 17:39:07.432245,enact,18,featured_latency_mean,3.5102557603369577
2024-10-28 17:39:17.695443,enact,19,featured_latency_mean,3.5102557603369577
2024-10-28 17:39:27.984833,enact,20,featured_latency_mean,3.5102557603369577
2024-10-28 17:39:38.273575,enact,21,featured_latency_mean,3.5102557603369577
2024-10-28 17:39:48.558871,enact,22,featured_latency_mean,3.5102557603369577
2024-10-28 17:39:58.805158,enact,23,featured_latency_mean,3.5102557603369577
2024-10-28 17:40:09.218485,enact,24,featured_latency_mean,3.5102557603369577
2024-10-28 17:40:19.484738,enact,25,featured_latency_mean,3.5102557603369577
2024-10-28 17:40:29.741746,enact,26,featured_latency_mean,3.5102557603369577
2024-10-28 17:40:40.034411,enact,27,featured_latency_mean,3.5102557603369577
2024-10-28 17:40:50.299438,enact,28,featured_latency_mean,3.5102557603369577
2024-10-28 17:41:00.548525,enact,29,featured_latency_mean,3.5102557603369577
2024-10-28 17:41:10.832569,enact,30,featured_latency_mean,3.5102557603369577
2024-10-28 17:41:21.126349,enact,31,featured_latency_mean,3.5102557603369577
2024-10-28 17:41:31.378393,enact,32,featured_latency_mean,3.5102557603369577
2024-10-28 17:41:41.670149,enact,33,featured_latency_mean,3.5102557603369577
2024-10-28 17:41:51.927757,enact,34,featured_latency_mean,3.5102557603369577
2024-10-28 17:42:02.214154,enact,35,featured_latency_mean,3.5102557603369577
2024-10-28 17:42:12.501846,enact,36,featured_latency_mean,3.5102557603369577
2024-10-28 17:42:22.771178,enact,37,featured_latency_mean,3.5102557603369577
2024-10-28 17:42:33.287182,enact,38,featured_latency_mean,3.5102557603369577
2024-10-28 17:42:43.555397,enact,39,featured_latency_mean,3.5102557603369577
2024-10-28 17:42:53.842580,enact,40,featured_latency_mean,3.5102557603369577
2024-10-28 17:43:04.131492,enact,41,featured_latency_mean,3.5102557603369577
2024-10-28 17:43:14.444046,enact,42,featured_latency_mean,3.5102557603369577
2024-10-28 17:43:24.730204,enact,43,featured_latency_mean,3.5102557603369577
2024-10-28 17:43:35.020132,enact,44,featured_latency_mean,3.5102557603369577
2024-10-28 17:43:45.266552,enact,45,featured_latency_mean,3.5102557603369577
2024-10-28 17:43:55.506870,enact,46,featured_latency_mean,3.5102557603369577
2024-10-28 17:44:05.791533,enact,47,featured_latency_mean,3.5102557603369577
2024-10-28 17:44:16.082689,enact,48,featured_latency_mean,3.5102557603369577
2024-10-28 17:44:26.369522,enact,49,featured_latency_mean,3.5102557603369577
2024-10-28 17:44:36.659444,enact,50,featured_latency_mean,3.5102557603369577
2024-10-28 17:44:46.942378,enact,51,featured_latency_mean,3.5102557603369577
2024-10-28 17:44:57.229227,enact,52,featured_latency_mean,3.5102557603369577
2024-10-28 17:45:07.517161,enact,53,featured_latency_mean,3.5102557603369577
2024-10-28 17:45:17.759901,enact,54,featured_latency_mean,3.5102557603369577
2024-10-28 17:45:28.042607,enact,55,featured_latency_mean,3.5102557603369577
2024-10-28 17:45:38.330139,enact,56,featured_latency_mean,3.5102557603369577
2024-10-28 17:45:48.603431,enact,57,featured_latency_mean,3.5102557603369577
2024-10-28 17:45:58.883171,enact,58,featured_latency_mean,3.5102557603369577
2024-10-28 17:46:09.168811,enact,59,featured_latency_mean,3.5102557603369577
2024-10-28 17:46:19.440560,enact,60,featured_latency_mean,3.5102557603369577
2024-10-28 17:46:29.719067,enact,61,featured_latency_mean,3.5102557603369577
2024-10-28 17:46:39.986653,enact,62,featured_latency_mean,3.5102557603369577
2024-10-28 17:46:50.262175,enact,63,featured_latency_mean,3.5102557603369577
2024-10-28 17:47:00.550571,enact,64,featured_latency_mean,3.5102557603369577
2024-10-28 17:47:10.837982,enact,65,featured_latency_mean,3.5102557603369577
2024-10-28 17:47:21.124526,enact,66,featured_latency_mean,3.5102557603369577
2024-10-28 17:47:31.410711,enact,67,featured_latency_mean,3.5102557603369577
2024-10-28 17:47:41.700120,enact,68,featured_latency_mean,3.5102557603369577
2024-10-28 17:47:51.986329,enact,69,featured_latency_mean,3.5102557603369577
2024-10-28 17:48:02.248684,enact,70,featured_latency_mean,3.5102557603369577
2024-10-28 17:48:12.535952,enact,71,featured_latency_mean,3.5102557603369577
2024-10-28 17:48:22.820399,enact,72,featured_latency_mean,3.5102557603369577
2024-10-28 17:48:33.099478,enact,73,featured_latency_mean,3.5102557603369577
2024-10-28 17:48:43.391254,enact,74,featured_latency_mean,3.5102557603369577
2024-10-28 17:48:53.632099,enact,75,featured_latency_mean,3.5102557603369577
2024-10-28 17:49:03.878080,enact,76,featured_latency_mean,3.5102557603369577
2024-10-28 17:49:14.161951,enact,77,featured_latency_mean,3.5102557603369577
2024-10-28 17:49:24.449261,enact,78,featured_latency_mean,3.5102557603369577
2024-10-28 17:49:34.737980,enact,79,featured_latency_mean,3.5102557603369577
2024-10-28 17:49:45.024231,enact,80,featured_latency_mean,3.5102557603369577
2024-10-28 17:49:55.300579,enact,81,featured_latency_mean,3.5102557603369577
2024-10-28 17:50:05.583938,enact,82,featured_latency_mean,3.5102557603369577
2024-10-28 17:50:15.872565,enact,83,featured_latency_mean,3.5102557603369577
2024-10-28 17:50:26.158678,enact,84,featured_latency_mean,3.5102557603369577
2024-10-28 17:50:36.446205,enact,85,featured_latency_mean,3.5102557603369577
2024-10-28 17:50:46.735405,enact,86,featured_latency_mean,3.5102557603369577
2024-10-28 17:50:57.019399,enact,87,featured_latency_mean,3.5102557603369577
2024-10-28 17:51:07.306327,enact,88,featured_latency_mean,3.5102557603369577
2024-10-28 17:51:17.594700,enact,89,featured_latency_mean,3.5102557603369577
2024-10-28 17:51:27.880988,enact,90,featured_latency_mean,3.5102557603369577
2024-10-28 17:51:38.169719,enact,91,featured_latency_mean,3.5102557603369577
2024-10-28 17:51:48.460330,enact,92,featured_latency_mean,3.5102557603369577
2024-10-28 17:51:58.723669,enact,93,featured_latency_mean,3.5102557603369577
2024-10-28 17:52:08.970530,enact,94,featured_latency_mean,3.5102557603369577
2024-10-28 17:52:19.260326,enact,95,featured_latency_mean,3.5102557603369577
2024-10-28 17:52:29.522950,enact,96,featured_latency_mean,3.5102557603369577
2024-10-28 17:52:39.811769,enact,97,featured_latency_mean,3.5102557603369577
2024-10-28 17:52:50.100398,enact,98,featured_latency_mean,3.5102557603369577
2024-10-28 17:53:00.387536,enact,99,featured_latency_mean,3.5102557603369577
2024-10-28 17:53:10.677475,enact,100,featured_latency_mean,3.5102557603369577
2024-10-28 17:53:20.952823,enact,101,featured_latency_mean,3.5102557603369577
2024-10-28 17:53:31.240017,enact,102,featured_latency_mean,3.5102557603369577
2024-10-28 17:53:41.524382,enact,103,featured_latency_mean,3.5102557603369577
2024-10-28 17:53:51.790309,enact,104,featured_latency_mean,3.5102557603369577
2024-10-28 17:54:02.078163,enact,105,featured_latency_mean,3.5102557603369577
2024-10-28 17:54:12.315910,enact,106,featured_latency_mean,3.5102557603369577
2024-10-28 17:54:22.605464,enact,107,featured_latency_mean,3.5102557603369577
2024-10-28 17:54:32.865279,enact,108,featured_latency_mean,3.5102557603369577
2024-10-28 17:54:43.106945,enact,109,featured_latency_mean,3.5102557603369577
2024-10-28 17:54:53.393774,enact,110,featured_latency_mean,3.5102557603369577
2024-10-28 17:55:03.686078,enact,111,featured_latency_mean,3.5102557603369577
2024-10-28 17:55:13.925217,enact,112,featured_latency_mean,3.5102557603369577
2024-10-28 17:55:24.215443,enact,113,featured_latency_mean,3.5102557603369577
2024-10-28 17:55:34.505863,enact,114,featured_latency_mean,3.5102557603369577
2024-10-28 17:55:44.782215,enact,115,featured_latency_mean,3.5102557603369577
2024-10-28 17:55:55.071370,enact,116,featured_latency_mean,3.5102557603369577
2024-10-28 17:56:05.336970,enact,117,featured_latency_mean,3.5102557603369577
2024-10-28 17:56:15.583118,enact,118,featured_latency_mean,3.5102557603369577
2024-10-28 17:56:25.870903,enact,119,featured_latency_mean,3.5102557603369577
2024-10-28 17:56:36.114168,enact,120,featured_latency_mean,3.5102557603369577
2024-10-28 17:56:46.403433,enact,121,featured_latency_mean,3.5102557603369577
2024-10-28 17:56:56.678848,enact,122,featured_latency_mean,3.5102557603369577
2024-10-28 17:57:06.966563,enact,123,featured_latency_mean,3.5102557603369577
2024-10-28 17:57:17.239725,enact,124,featured_latency_mean,3.5102557603369577
2024-10-28 17:57:27.528680,enact,125,featured_latency_mean,3.5102557603369577
2024-10-28 17:57:37.817744,enact,126,featured_latency_mean,3.5102557603369577
2024-10-28 17:57:48.104278,enact,127,featured_latency_mean,3.5102557603369577
2024-10-28 17:57:58.393669,enact,128,featured_latency_mean,3.5102557603369577
2024-10-28 17:58:08.661295,enact,129,featured_latency_mean,3.5102557603369577
2024-10-28 17:58:18.902509,enact,130,featured_latency_mean,3.5102557603369577
2024-10-28 17:58:29.188866,enact,131,featured_latency_mean,3.5102557603369577
2024-10-28 17:58:39.479832,enact,132,featured_latency_mean,3.5102557603369577
2024-10-28 17:58:49.724888,enact,133,featured_latency_mean,3.5102557603369577
2024-10-28 17:59:00.013593,enact,134,featured_latency_mean,3.5102557603369577
2024-10-28 17:59:10.291001,enact,135,featured_latency_mean,3.5102557603369577
2024-10-28 17:59:20.535607,enact,136,featured_latency_mean,3.5102557603369577
2024-10-28 17:59:30.820641,enact,137,featured_latency_mean,3.5102557603369577
2024-10-28 17:59:41.064859,enact,138,featured_latency_mean,3.5102557603369577
2024-10-28 17:59:51.316894,enact,139,featured_latency_mean,3.5102557603369577
2024-10-28 18:00:01.604777,enact,140,featured_latency_mean,3.5102557603369577
2024-10-28 18:00:11.891755,enact,141,featured_latency_mean,3.5102557603369577
2024-10-28 18:00:22.166647,enact,142,featured_latency_mean,3.5102557603369577
2024-10-28 18:00:32.451652,enact,143,featured_latency_mean,3.5102557603369577
2024-10-28 18:00:42.736462,enact,144,featured_latency_mean,3.5102557603369577
2024-10-28 18:00:53.007609,enact,145,featured_latency_mean,3.5102557603369577
2024-10-28 18:01:03.294784,enact,146,featured_latency_mean,3.5102557603369577
2024-10-28 18:01:13.544578,enact,147,featured_latency_mean,3.5102557603369577
2024-10-28 18:01:23.792668,enact,148,featured_latency_mean,3.5102557603369577
2024-10-28 18:01:34.058318,enact,149,featured_latency_mean,3.5102557603369577
2024-10-28 18:01:44.345983,enact,150,featured_latency_mean,3.5102557603369577
2024-10-28 18:01:54.590036,enact,151,featured_latency_mean,3.5102557603369577
2024-10-28 18:02:04.875525,enact,152,featured_latency_mean,3.5102557603369577
2024-10-28 18:02:15.137337,enact,153,featured_latency_mean,3.5102557603369577
2024-10-28 18:02:25.424748,enact,154,featured_latency_mean,3.5102557603369577
2024-10-28 18:02:35.712827,enact,155,featured_latency_mean,3.5102557603369577
2024-10-28 18:02:45.999059,enact,156,featured_latency_mean,3.5102557603369577
2024-10-28 18:02:56.282108,enact,157,featured_latency_mean,3.5102557603369577
2024-10-28 18:03:06.537877,enact,158,featured_latency_mean,3.5102557603369577
2024-10-28 18:03:16.797468,enact,159,featured_latency_mean,3.5102557603369577
2024-10-28 18:03:27.084728,enact,160,featured_latency_mean,3.5102557603369577
2024-10-28 18:03:37.384196,enact,161,featured_latency_mean,3.5102557603369577
2024-10-28 18:03:47.626269,enact,162,featured_latency_mean,3.5102557603369577
2024-10-28 18:03:57.912282,enact,163,featured_latency_mean,3.5102557603369577
2024-10-28 18:04:08.197220,enact,164,featured_latency_mean,3.5102557603369577
2024-10-28 18:04:18.484735,enact,165,featured_latency_mean,3.5102557603369577
2024-10-28 18:04:28.770500,enact,166,featured_latency_mean,3.5102557603369577
2024-10-28 18:04:39.054929,enact,167,featured_latency_mean,3.5102557603369577
2024-10-28 18:04:49.340255,enact,168,featured_latency_mean,3.5102557603369577
2024-10-28 18:04:59.602603,enact,169,featured_latency_mean,3.5102557603369577
2024-10-28 18:05:09.898183,enact,170,featured_latency_mean,3.5102557603369577
2024-10-28 18:05:20.182640,enact,171,featured_latency_mean,3.5102557603369577
2024-10-28 18:05:30.473948,enact,172,featured_latency_mean,3.5102557603369577
2024-10-28 18:05:40.758228,enact,173,featured_latency_mean,3.5102557603369577
2024-10-28 18:05:51.032981,enact,174,featured_latency_mean,3.5102557603369577
2024-10-28 18:06:01.321223,enact,175,featured_latency_mean,3.5102557603369577
2024-10-28 18:06:11.607492,enact,176,featured_latency_mean,3.5102557603369577
2024-10-28 18:06:21.873482,enact,177,featured_latency_mean,3.5102557603369577
2024-10-28 18:06:32.159856,enact,178,featured_latency_mean,3.5102557603369577
2024-10-28 18:06:42.449831,enact,179,featured_latency_mean,3.5102557603369577
2024-10-28 18:06:52.701004,enact,180,featured_latency_mean,3.5102557603369577
2024-10-28 18:07:02.986291,enact,181,featured_latency_mean,3.5102557603369577
2024-10-28 18:07:13.273497,enact,182,featured_latency_mean,3.5102557603369577
2024-10-28 18:07:23.512519,enact,183,featured_latency_mean,3.5102557603369577
2024-10-28 18:07:33.750336,enact,184,featured_latency_mean,3.5102557603369577
2024-10-28 18:07:44.036477,enact,185,featured_latency_mean,3.5102557603369577
2024-10-28 18:07:54.327663,enact,186,featured_latency_mean,3.5102557603369577
2024-10-28 18:08:04.606318,enact,187,featured_latency_mean,3.5102557603369577
2024-10-28 18:08:14.894148,enact,188,featured_latency_mean,3.5102557603369577
2024-10-28 18:08:25.167478,enact,189,featured_latency_mean,3.5102557603369577
2024-10-28 18:08:35.452841,enact,190,featured_latency_mean,3.5102557603369577
2024-10-28 18:08:45.741792,enact,191,featured_latency_mean,3.5102557603369577
2024-10-28 18:08:56.028400,enact,192,featured_latency_mean,3.5102557603369577
2024-10-28 18:09:06.310391,enact,193,featured_latency_mean,3.5102557603369577
2024-10-28 18:09:16.598683,enact,194,featured_latency_mean,3.5102557603369577
2024-10-28 18:09:26.890157,enact,195,featured_latency_mean,3.5102557603369577
2024-10-28 18:09:37.160370,enact,196,featured_latency_mean,3.5102557603369577
2024-10-28 18:09:47.449114,enact,197,featured_latency_mean,3.5102557603369577
2024-10-28 18:09:57.727885,enact,198,featured_latency_mean,3.5102557603369577
2024-10-28 18:10:08.011930,enact,199,featured_latency_mean,3.5102557603369577
2024-10-28 18:10:18.296751,enact,200,featured_latency_mean,3.5102557603369577
2024-10-28 18:10:28.583082,enact,201,featured_latency_mean,3.5102557603369577
2024-10-28 18:10:38.868278,enact,202,featured_latency_mean,3.5102557603369577
2024-10-28 18:10:49.147526,enact,203,featured_latency_mean,3.5102557603369577
2024-10-28 18:10:59.425026,enact,204,featured_latency_mean,3.5102557603369577
2024-10-28 18:11:09.688631,enact,205,featured_latency_mean,3.5102557603369577
2024-10-28 18:11:19.977608,enact,206,featured_latency_mean,3.5102557603369577
2024-10-28 18:11:30.239640,enact,207,featured_latency_mean,3.5102557603369577
2024-10-28 18:11:40.496256,enact,208,featured_latency_mean,3.5102557603369577
2024-10-28 18:11:50.785810,enact,209,featured_latency_mean,3.5102557603369577
2024-10-28 18:12:01.072978,enact,210,featured_latency_mean,3.5102557603369577
2024-10-28 18:12:11.367893,enact,211,featured_latency_mean,3.5102557603369577
2024-10-28 18:12:21.653514,enact,212,featured_latency_mean,3.5102557603369577
2024-10-28 18:12:31.938942,enact,213,featured_latency_mean,3.5102557603369577
2024-10-28 18:12:42.224188,enact,214,featured_latency_mean,3.5102557603369577
2024-10-28 18:12:52.509186,enact,215,featured_latency_mean,3.5102557603369577
2024-10-28 18:13:02.790292,enact,216,featured_latency_mean,3.5102557603369577
2024-10-28 18:13:13.078440,enact,217,featured_latency_mean,3.5102557603369577
2024-10-28 18:13:23.367051,enact,218,featured_latency_mean,3.5102557603369577
2024-10-28 18:13:33.655415,enact,219,featured_latency_mean,3.5102557603369577
2024-10-28 18:13:43.942637,enact,220,featured_latency_mean,3.5102557603369577
2024-10-28 18:13:54.212069,enact,221,featured_latency_mean,3.5102557603369577
2024-10-28 18:14:04.498073,enact,222,featured_latency_mean,3.5102557603369577
2024-10-28 18:14:14.789834,enact,223,featured_latency_mean,3.5102557603369577
2024-10-28 18:14:25.042213,enact,224,featured_latency_mean,3.5102557603369577
2024-10-28 18:14:35.333980,enact,225,featured_latency_mean,3.5102557603369577
2024-10-28 18:14:45.617520,enact,226,featured_latency_mean,3.5102557603369577
2024-10-28 18:14:55.906181,enact,227,featured_latency_mean,3.5102557603369577
2024-10-28 18:15:06.193187,enact,228,featured_latency_mean,3.5102557603369577
2024-10-28 18:15:16.479352,enact,229,featured_latency_mean,3.5102557603369577
2024-10-28 18:15:26.765174,enact,230,featured_latency_mean,3.5102557603369577
2024-10-28 18:15:37.052329,enact,231,featured_latency_mean,3.5102557603369577
2024-10-28 18:15:47.309435,enact,232,featured_latency_mean,3.5102557603369577
2024-10-28 18:15:57.589451,enact,233,featured_latency_mean,3.5102557603369577
2024-10-28 18:16:07.879666,enact,234,featured_latency_mean,3.5102557603369577
2024-10-28 18:16:18.164968,enact,235,featured_latency_mean,3.5102557603369577
2024-10-28 18:16:28.411254,enact,236,featured_latency_mean,3.5102557603369577
2024-10-28 18:16:38.701562,enact,237,featured_latency_mean,3.5102557603369577
2024-10-28 18:16:48.986107,enact,238,featured_latency_mean,3.5102557603369577
2024-10-28 18:16:59.273406,enact,239,featured_latency_mean,3.5102557603369577
2024-10-28 18:17:09.559045,enact,240,featured_latency_mean,3.5102557603369577
2024-10-28 18:17:19.844474,enact,241,featured_latency_mean,3.5102557603369577
2024-10-28 18:17:30.130784,enact,242,featured_latency_mean,3.5102557603369577
2024-10-28 18:17:40.418379,enact,243,featured_latency_mean,3.5102557603369577
2024-10-28 18:17:50.706352,enact,244,featured_latency_mean,3.5102557603369577
2024-10-28 18:18:00.960207,enact,245,featured_latency_mean,3.5102557603369577
2024-10-28 18:18:11.247697,enact,246,featured_latency_mean,3.5102557603369577
2024-10-28 18:18:21.535448,enact,247,featured_latency_mean,3.5102557603369577
2024-10-28 18:18:31.823325,enact,248,featured_latency_mean,3.5102557603369577
2024-10-28 18:18:42.080192,enact,249,featured_latency_mean,3.5102557603369577
2024-10-28 18:18:52.364168,enact,250,featured_latency_mean,3.5102557603369577
2024-10-28 18:19:02.649539,enact,251,featured_latency_mean,3.5102557603369577
2024-10-28 18:19:12.938171,enact,252,featured_latency_mean,3.5102557603369577
2024-10-28 18:19:23.224759,enact,253,featured_latency_mean,3.5102557603369577
2024-10-28 18:19:33.510699,enact,254,featured_latency_mean,3.5102557603369577
2024-10-28 18:19:43.795479,enact,255,featured_latency_mean,3.5102557603369577
2024-10-28 18:19:54.080219,enact,256,featured_latency_mean,3.5102557603369577
2024-10-28 18:20:04.364235,enact,257,featured_latency_mean,3.5102557603369577
2024-10-28 18:20:14.616929,enact,258,featured_latency_mean,3.5102557603369577
2024-10-28 18:20:24.905642,enact,259,featured_latency_mean,3.5102557603369577
2024-10-28 18:20:35.191807,enact,260,featured_latency_mean,3.5102557603369577
2024-10-28 18:20:45.460890,enact,261,featured_latency_mean,3.5102557603369577
2024-10-28 18:20:55.751109,enact,262,featured_latency_mean,3.5102557603369577
2024-10-28 18:21:06.022125,enact,263,featured_latency_mean,3.5102557603369577
2024-10-28 18:21:16.261347,enact,264,featured_latency_mean,3.5102557603369577
2024-10-28 18:21:26.546473,enact,265,featured_latency_mean,3.5102557603369577
2024-10-28 18:21:36.832702,enact,266,featured_latency_mean,3.5102557603369577
2024-10-28 18:21:47.114127,enact,267,featured_latency_mean,3.5102557603369577
2024-10-28 18:21:57.401336,enact,268,featured_latency_mean,3.5102557603369577
2024-10-28 18:22:07.641688,enact,269,featured_latency_mean,3.5102557603369577
2024-10-28 18:22:17.884709,enact,270,featured_latency_mean,3.5102557603369577
2024-10-28 18:22:28.171026,enact,271,featured_latency_mean,3.5102557603369577
2024-10-28 18:22:38.455886,enact,272,featured_latency_mean,3.5102557603369577
2024-10-28 18:22:48.742558,enact,273,featured_latency_mean,3.5102557603369577
2024-10-28 18:22:59.026983,enact,274,featured_latency_mean,3.5102557603369577
2024-10-28 18:23:09.275263,enact,275,featured_latency_mean,3.5102557603369577
2024-10-28 18:23:19.555309,enact,276,featured_latency_mean,3.5102557603369577
2024-10-28 18:23:29.840546,enact,277,featured_latency_mean,3.5102557603369577
2024-10-28 18:23:40.127575,enact,278,featured_latency_mean,3.5102557603369577
2024-10-28 18:23:50.374894,enact,279,featured_latency_mean,3.5102557603369577
2024-10-28 18:24:00.659199,enact,280,featured_latency_mean,3.5102557603369577
2024-10-28 18:24:10.945757,enact,281,featured_latency_mean,3.5102557603369577
2024-10-28 18:24:21.233759,enact,282,featured_latency_mean,3.5102557603369577
2024-10-28 18:24:31.523243,enact,283,featured_latency_mean,3.5102557603369577
2024-10-28 18:24:41.809606,enact,284,featured_latency_mean,3.5102557603369577
2024-10-28 18:24:52.078773,enact,285,featured_latency_mean,3.5102557603369577
2024-10-28 18:25:02.365599,enact,286,featured_latency_mean,3.5102557603369577
2024-10-28 18:25:12.645355,enact,287,featured_latency_mean,3.5102557603369577
2024-10-28 18:25:22.932181,enact,288,featured_latency_mean,3.5102557603369577
2024-10-28 18:25:33.216697,enact,289,featured_latency_mean,3.5102557603369577
2024-10-28 18:25:43.496821,enact,290,featured_latency_mean,3.5102557603369577
2024-10-28 18:25:53.783437,enact,291,featured_latency_mean,3.5102557603369577
2024-10-28 18:26:04.081283,enact,292,featured_latency_mean,3.5102557603369577
2024-10-28 18:26:14.349702,enact,293,featured_latency_mean,3.5102557603369577
2024-10-28 18:26:24.635082,enact,294,featured_latency_mean,3.5102557603369577
2024-10-28 18:26:34.920781,enact,295,featured_latency_mean,3.5102557603369577
2024-10-28 18:26:45.166865,enact,296,featured_latency_mean,3.5102557603369577
2024-10-28 18:26:55.417034,enact,297,featured_latency_mean,3.5102557603369577
2024-10-28 18:27:05.702497,enact,298,featured_latency_mean,3.5102557603369577
2024-10-28 18:27:15.986655,enact,299,featured_latency_mean,3.5102557603369577
2024-10-28 18:27:26.268567,enact,300,featured_latency_mean,3.5102557603369577
2024-10-28 18:27:36.552228,enact,301,featured_latency_mean,3.5102557603369577
2024-10-28 18:27:46.801551,enact,302,featured_latency_mean,3.5102557603369577
2024-10-28 18:27:57.091376,enact,303,featured_latency_mean,3.5102557603369577
2024-10-28 18:28:07.378115,enact,304,featured_latency_mean,3.5102557603369577
2024-10-28 18:28:17.651833,enact,305,featured_latency_mean,3.5102557603369577
2024-10-28 18:28:27.903346,enact,306,featured_latency_mean,3.5102557603369577
2024-10-28 18:28:38.189019,enact,307,featured_latency_mean,3.5102557603369577
2024-10-28 18:28:48.476851,enact,308,featured_latency_mean,3.5102557603369577
2024-10-28 18:28:58.742199,enact,309,featured_latency_mean,3.5102557603369577
2024-10-28 18:29:09.029161,enact,310,featured_latency_mean,3.5102557603369577
2024-10-28 18:29:19.316743,enact,311,featured_latency_mean,3.5102557603369577
2024-10-28 18:29:29.605082,enact,312,featured_latency_mean,3.5102557603369577
2024-10-28 18:29:39.892851,enact,313,featured_latency_mean,3.5102557603369577
2024-10-28 18:29:50.181465,enact,314,featured_latency_mean,3.5102557603369577
2024-10-28 18:30:00.467555,enact,315,featured_latency_mean,3.5102557603369577
2024-10-28 18:30:10.758386,enact,316,featured_latency_mean,3.5102557603369577
2024-10-28 18:30:21.004372,enact,317,featured_latency_mean,3.5102557603369577
2024-10-28 18:30:31.263851,enact,318,featured_latency_mean,3.5102557603369577
2024-10-28 18:30:41.553005,enact,319,featured_latency_mean,3.5102557603369577
2024-10-28 18:30:51.842807,enact,320,featured_latency_mean,3.5102557603369577
2024-10-28 18:31:02.100633,enact,321,featured_latency_mean,3.5102557603369577
2024-10-28 18:31:12.389043,enact,322,featured_latency_mean,3.5102557603369577
2024-10-28 18:31:22.639786,enact,323,featured_latency_mean,3.5102557603369577
2024-10-28 18:31:32.919622,enact,324,featured_latency_mean,3.5102557603369577
2024-10-28 18:31:43.208386,enact,325,featured_latency_mean,3.5102557603369577
2024-10-28 18:31:53.452633,enact,326,featured_latency_mean,3.5102557603369577
2024-10-28 18:32:03.739874,enact,327,featured_latency_mean,3.5102557603369577
2024-10-28 18:32:14.029549,enact,328,featured_latency_mean,3.5102557603369577
2024-10-28 18:32:24.309358,enact,329,featured_latency_mean,3.5102557603369577
2024-10-28 18:32:34.562097,enact,330,featured_latency_mean,3.5102557603369577
2024-10-28 18:32:44.849538,enact,331,featured_latency_mean,3.5102557603369577
2024-10-28 18:32:55.122899,enact,332,featured_latency_mean,3.5102557603369577
2024-10-28 18:33:05.410451,enact,333,featured_latency_mean,3.5102557603369577
2024-10-28 18:33:15.700868,enact,334,featured_latency_mean,3.5102557603369577
2024-10-28 18:33:25.988628,enact,335,featured_latency_mean,3.5102557603369577
2024-10-28 18:33:36.281225,enact,336,featured_latency_mean,3.5102557603369577
2024-10-28 18:33:46.567263,enact,337,featured_latency_mean,3.5102557603369577
2024-10-28 18:33:56.850924,enact,338,featured_latency_mean,3.5102557603369577
2024-10-28 18:34:07.137819,enact,339,featured_latency_mean,3.5102557603369577
2024-10-28 18:34:17.426944,enact,340,featured_latency_mean,3.5102557603369577
2024-10-28 18:34:27.716805,enact,341,featured_latency_mean,3.5102557603369577
2024-10-28 18:34:37.993520,enact,342,featured_latency_mean,3.5102557603369577
2024-10-28 18:34:48.248806,enact,343,featured_latency_mean,3.5102557603369577
2024-10-28 18:34:58.516239,enact,344,featured_latency_mean,3.5102557603369577
2024-10-28 18:35:08.798276,enact,345,featured_latency_mean,3.5102557603369577
2024-10-28 18:35:19.087384,enact,346,featured_latency_mean,3.5102557603369577
2024-10-28 18:35:29.378666,enact,347,featured_latency_mean,3.5102557603369577
2024-10-28 18:35:39.665971,enact,348,featured_latency_mean,3.5102557603369577
2024-10-28 18:35:49.953305,enact,349,featured_latency_mean,3.5102557603369577
2024-10-28 18:36:00.244627,enact,350,featured_latency_mean,3.5102557603369577
2024-10-28 18:36:10.520290,enact,351,featured_latency_mean,3.5102557603369577
2024-10-28 18:36:20.791980,enact,352,featured_latency_mean,3.5102557603369577
2024-10-28 18:36:31.060111,enact,353,featured_latency_mean,3.5102557603369577
2024-10-28 18:36:41.346375,enact,354,featured_latency_mean,3.5102557603369577
2024-10-28 18:36:51.633284,enact,355,featured_latency_mean,3.5102557603369577
2024-10-28 18:37:01.883271,enact,356,featured_latency_mean,3.5102557603369577
2024-10-28 18:37:12.168636,enact,357,featured_latency_mean,3.5102557603369577
2024-10-28 18:37:22.458813,enact,358,featured_latency_mean,3.5102557603369577
2024-10-28 18:37:32.748527,enact,359,featured_latency_mean,3.5102557603369577
2024-10-28 18:37:42.992324,enact,360,featured_latency_mean,3.5102557603369577
2024-10-28 18:37:53.267460,enact,361,featured_latency_mean,3.5102557603369577
2024-10-28 18:38:03.539306,enact,362,featured_latency_mean,3.5102557603369577
2024-10-28 18:38:13.781055,enact,363,featured_latency_mean,3.5102557603369577
2024-10-28 18:38:24.071212,enact,364,featured_latency_mean,3.5102557603369577
2024-10-28 18:38:34.358671,enact,365,featured_latency_mean,3.5102557603369577
2024-10-28 18:38:44.645176,enact,366,featured_latency_mean,3.5102557603369577
2024-10-28 18:38:54.921346,enact,367,featured_latency_mean,3.5102557603369577
2024-10-28 18:39:05.173828,enact,368,featured_latency_mean,3.5102557603369577
2024-10-28 18:39:15.417106,enact,369,featured_latency_mean,3.5102557603369577
2024-10-28 18:39:25.704014,enact,370,featured_latency_mean,3.5102557603369577
2024-10-28 18:39:35.985305,enact,371,featured_latency_mean,3.5102557603369577
2024-10-28 18:39:46.273462,enact,372,featured_latency_mean,3.5102557603369577
2024-10-28 18:39:56.561522,enact,373,featured_latency_mean,3.5102557603369577
2024-10-28 18:40:06.848947,enact,374,featured_latency_mean,3.5102557603369577
2024-10-28 18:40:17.110239,enact,375,featured_latency_mean,3.5102557603369577
2024-10-28 18:40:27.409140,enact,376,featured_latency_mean,3.5102557603369577
2024-10-28 18:40:37.664738,enact,377,featured_latency_mean,3.5102557603369577
2024-10-28 18:40:47.952510,enact,378,featured_latency_mean,3.5102557603369577
2024-10-28 18:40:58.241299,enact,379,featured_latency_mean,3.5102557603369577
2024-10-28 18:41:08.489626,enact,380,featured_latency_mean,3.5102557603369577
2024-10-28 18:41:18.771655,enact,381,featured_latency_mean,3.5102557603369577
2024-10-28 18:41:29.049086,enact,382,featured_latency_mean,3.5102557603369577
2024-10-28 18:41:39.327752,enact,383,featured_latency_mean,3.5102557603369577
2024-10-28 18:41:49.615198,enact,384,featured_latency_mean,3.5102557603369577
2024-10-28 18:41:59.893797,enact,385,featured_latency_mean,3.5102557603369577
2024-10-28 18:42:10.162295,enact,386,featured_latency_mean,3.5102557603369577
2024-10-28 18:42:20.446436,enact,387,featured_latency_mean,3.5102557603369577
2024-10-28 18:42:30.736770,enact,388,featured_latency_mean,3.5102557603369577
2024-10-28 18:42:41.026786,enact,389,featured_latency_mean,3.5102557603369577
2024-10-28 18:42:51.284775,enact,390,featured_latency_mean,3.5102557603369577
2024-10-28 18:43:01.575332,enact,391,featured_latency_mean,3.5102557603369577
2024-10-28 18:43:11.817765,enact,392,featured_latency_mean,3.5102557603369577
2024-10-28 18:43:22.104726,enact,393,featured_latency_mean,3.5102557603369577
2024-10-28 18:43:32.394478,enact,394,featured_latency_mean,3.5102557603369577
2024-10-28 18:43:42.681322,enact,395,featured_latency_mean,3.5102557603369577
2024-10-28 18:43:52.969579,enact,396,featured_latency_mean,3.5102557603369577
2024-10-28 18:44:03.256593,enact,397,featured_latency_mean,3.5102557603369577
2024-10-28 18:44:13.544227,enact,398,featured_latency_mean,3.5102557603369577
2024-10-28 18:44:23.829099,enact,399,featured_latency_mean,3.5102557603369577
2024-10-28 18:44:34.118668,enact,400,featured_latency_mean,3.5102557603369577
2024-10-28 18:44:44.399490,enact,401,featured_latency_mean,3.5102557603369577
2024-10-28 18:44:54.687429,enact,402,featured_latency_mean,3.5102557603369577
2024-10-28 18:45:04.977784,enact,403,featured_latency_mean,3.5102557603369577
2024-10-28 18:45:15.266887,enact,404,featured_latency_mean,3.5102557603369577
2024-10-28 18:45:25.545268,enact,405,featured_latency_mean,3.5102557603369577
2024-10-28 18:45:35.832412,enact,406,featured_latency_mean,3.5102557603369577
2024-10-28 18:45:46.119665,enact,407,featured_latency_mean,3.5102557603369577
2024-10-28 18:45:56.376227,enact,408,featured_latency_mean,3.5102557603369577
2024-10-28 18:46:06.664486,enact,409,featured_latency_mean,3.5102557603369577
2024-10-28 18:46:16.909757,enact,410,featured_latency_mean,3.5102557603369577
2024-10-28 18:46:27.196617,enact,411,featured_latency_mean,3.5102557603369577
2024-10-28 18:46:37.484494,enact,412,featured_latency_mean,3.5102557603369577
2024-10-28 18:46:47.747044,enact,413,featured_latency_mean,3.5102557603369577
2024-10-28 18:46:58.036105,enact,414,featured_latency_mean,3.5102557603369577
2024-10-28 18:47:08.308480,enact,415,featured_latency_mean,3.5102557603369577
2024-10-28 18:47:18.624609,enact,416,featured_latency_mean,3.5102557603369577
2024-10-28 18:47:28.909241,enact,417,featured_latency_mean,3.5102557603369577
2024-10-28 18:47:39.199626,enact,418,featured_latency_mean,3.5102557603369577
2024-10-28 18:47:49.487277,enact,419,featured_latency_mean,3.5102557603369577
2024-10-28 18:47:59.768821,enact,420,featured_latency_mean,3.5102557603369577
2024-10-28 18:48:10.055160,enact,421,featured_latency_mean,3.5102557603369577
2024-10-28 18:48:20.339482,enact,422,featured_latency_mean,3.5102557603369577
2024-10-28 18:48:30.627668,enact,423,featured_latency_mean,3.5102557603369577
2024-10-28 18:48:40.918241,enact,424,featured_latency_mean,3.5102557603369577
2024-10-28 18:48:51.178888,enact,425,featured_latency_mean,3.5102557603369577
2024-10-28 18:49:01.468343,enact,426,featured_latency_mean,3.5102557603369577
2024-10-28 18:49:11.751786,enact,427,featured_latency_mean,3.5102557603369577
2024-10-28 18:49:22.040946,enact,428,featured_latency_mean,3.5102557603369577
2024-10-28 18:49:32.329448,enact,429,featured_latency_mean,3.5102557603369577
2024-10-28 18:49:42.608944,enact,430,featured_latency_mean,3.5102557603369577
2024-10-28 18:49:52.899353,enact,431,featured_latency_mean,3.5102557603369577
2024-10-28 18:50:03.190836,enact,432,featured_latency_mean,3.5102557603369577
2024-10-28 18:50:13.443388,enact,433,featured_latency_mean,3.5102557603369577
2024-10-28 18:50:23.734873,enact,434,featured_latency_mean,3.5102557603369577
2024-10-28 18:50:34.020014,enact,435,featured_latency_mean,3.5102557603369577
2024-10-28 18:50:44.270185,enact,436,featured_latency_mean,3.5102557603369577
2024-10-28 18:50:54.511220,enact,437,featured_latency_mean,3.5102557603369577
2024-10-28 18:51:04.771590,enact,438,featured_latency_mean,3.5102557603369577
2024-10-28 18:51:15.059704,enact,439,featured_latency_mean,3.5102557603369577
2024-10-28 18:51:25.310255,enact,440,featured_latency_mean,3.5102557603369577
2024-10-28 18:51:35.597050,enact,441,featured_latency_mean,3.5102557603369577
2024-10-28 18:51:45.884979,enact,442,featured_latency_mean,3.5102557603369577
2024-10-28 18:51:56.146995,enact,443,featured_latency_mean,3.5102557603369577
2024-10-28 18:52:06.433962,enact,444,featured_latency_mean,3.5102557603369577
2024-10-28 18:52:16.673052,enact,445,featured_latency_mean,3.5102557603369577
2024-10-28 18:52:26.949471,enact,446,featured_latency_mean,3.5102557603369577
2024-10-28 18:52:37.236261,enact,447,featured_latency_mean,3.5102557603369577
2024-10-28 18:52:47.517611,enact,448,featured_latency_mean,3.5102557603369577
2024-10-28 18:52:57.772926,enact,449,featured_latency_mean,3.5102557603369577
2024-10-28 18:53:08.060415,enact,450,featured_latency_mean,3.5102557603369577
2024-10-28 18:53:18.344869,enact,451,featured_latency_mean,3.5102557603369577
2024-10-28 18:53:28.618014,enact,452,featured_latency_mean,3.5102557603369577
2024-10-28 18:53:38.903801,enact,453,featured_latency_mean,13.425494382770557
2024-10-28 18:53:49.161864,enact,454,featured_latency_mean,18.346055257505622
2024-10-28 18:53:59.448404,enact,455,featured_latency_mean,23.242074732494302
2024-10-28 18:54:09.732400,enact,456,featured_latency_mean,28.11367520847846
2024-10-28 18:54:20.005912,enact,457,featured_latency_mean,32.96097847572362
2024-10-28 18:54:30.285150,enact,458,featured_latency_mean,37.78410571706409
2024-10-28 18:54:40.561945,enact,459,featured_latency_mean,42.583177510932046
2024-10-28 18:54:50.850967,enact,460,featured_latency_mean,47.35831383437228
2024-10-28 18:55:01.138512,enact,461,featured_latency_mean,52.1096340660416
2024-10-28 18:55:11.422501,enact,462,featured_latency_mean,56.83725698919325
2024-10-28 18:55:21.705959,enact,463,featured_latency_mean,61.54130079464644
2024-10-28 18:55:31.975835,enact,464,featured_latency_mean,66.22188308374143
2024-10-28 18:55:42.258827,enact,465,featured_latency_mean,70.87912087127916
2024-10-28 18:55:52.499683,enact,466,featured_latency_mean,75.51313058844703
2024-10-28 18:56:02.785491,enact,467,featured_latency_mean,80.12402808572912
2024-10-28 18:56:13.072008,enact,468,featured_latency_mean,84.71192863580306
2024-10-28 18:56:23.317656,enact,469,featured_latency_mean,89.27694693642172
2024-10-28 18:56:33.606567,enact,470,featured_latency_mean,93.81919711328018
2024-10-28 18:56:43.893736,enact,471,featured_latency_mean,98.33879272286963
2024-10-28 18:56:54.161896,enact,472,featured_latency_mean,102.83584675531544
2024-10-28 18:57:04.400880,enact,473,featured_latency_mean,107.31047163720287
2024-10-28 18:57:14.687829,enact,474,featured_latency_mean,111.76277923438697
2024-10-28 18:57:24.951831,enact,475,featured_latency_mean,116.19288085478948
2024-10-28 18:57:35.199760,enact,476,featured_latency_mean,120.60088725118173
2024-10-28 18:57:45.477804,enact,477,featured_latency_mean,124.98690862395316
2024-10-28 18:57:55.765076,enact,478,featured_latency_mean,129.35105462386656
2024-10-28 18:58:06.047858,enact,479,featured_latency_mean,133.69343435479928
2024-10-28 18:58:16.334077,enact,480,featured_latency_mean,138.01415637647057
2024-10-28 18:58:26.617455,enact,481,featured_latency_mean,142.3133287071562
2024-10-28 18:58:36.882191,enact,482,featured_latency_mean,146.59105882638832
2024-10-28 18:58:47.168448,enact,483,featured_latency_mean,150.84745367764262
2024-10-28 18:58:57.452352,enact,484,featured_latency_mean,155.08261967101225
2024-10-28 18:59:07.733333,enact,485,featured_latency_mean,159.2966626858675
2024-10-28 18:59:18.019435,enact,486,featured_latency_mean,163.48968807350303
2024-10-28 18:59:28.299528,enact,487,featured_latency_mean,167.66180065977227
2024-10-28 18:59:38.576575,enact,488,featured_latency_mean,171.81310474770703
2024-10-28 18:59:48.824159,enact,489,featured_latency_mean,175.9437041201256
2024-10-28 18:59:59.091810,enact,490,featured_latency_mean,180.0537020422276
2024-10-28 19:00:09.378082,enact,491,featured_latency_mean,184.14320126417516
2024-10-28 19:00:19.631621,enact,492,featured_latency_mean,188.21230402366166
2024-10-28 19:00:29.907362,enact,493,featured_latency_mean,192.26111204846814
2024-10-28 19:00:40.183680,enact,494,featured_latency_mean,196.28972655900606
2024-10-28 19:00:50.451571,enact,495,featured_latency_mean,200.29824827084798
2024-10-28 19:01:00.739813,enact,496,featured_latency_mean,204.28677739724563
2024-10-28 19:01:11.026290,enact,497,featured_latency_mean,208.25541365163463
2024-10-28 19:01:21.313846,enact,498,featured_latency_mean,212.20425625012825
2024-10-28 19:01:31.600025,enact,499,featured_latency_mean,216.13340391399706
2024-10-28 19:01:41.854027,enact,500,featured_latency_mean,220.04295487213727
2024-10-28 19:01:52.099978,enact,501,featured_latency_mean,223.93300686352646
2024-10-28 19:02:02.382933,enact,502,featured_latency_mean,227.8036571396671
2024-10-28 19:02:12.663877,enact,503,featured_latency_mean,231.65500246701762
2024-10-28 19:02:22.934939,enact,504,featured_latency_mean,235.48713912941176
2024-10-28 19:02:33.205073,enact,505,featured_latency_mean,239.30016293046592
2024-10-28 19:02:43.457868,enact,506,featured_latency_mean,243.09416919597334
2024-10-28 19:02:53.746920,enact,507,featured_latency_mean,246.86925277628853
2024-10-28 19:03:04.036411,enact,508,featured_latency_mean,250.62550804869753
2024-10-28 19:03:14.320012,enact,509,featured_latency_mean,254.36302891977766
2024-10-28 19:03:24.566613,enact,510,featured_latency_mean,258.0819088277456
2024-10-28 19:03:34.852589,enact,511,featured_latency_mean,261.78224074479266
2024-10-28 19:03:45.114004,enact,512,featured_latency_mean,265.46411717940947
2024-10-28 19:03:55.400770,enact,513,featured_latency_mean,269.12763017869855
2024-10-28 19:04:05.689546,enact,514,featured_latency_mean,272.772871330676
2024-10-28 19:04:15.960273,enact,515,featured_latency_mean,276.3999317665601
2024-10-28 19:04:26.222670,enact,516,featured_latency_mean,280.0089021630509
2024-10-28 19:04:36.486172,enact,517,featured_latency_mean,283.5998727445962
2024-10-28 19:04:46.773730,enact,518,featured_latency_mean,287.1729332856476
2024-10-28 19:04:57.023478,enact,519,featured_latency_mean,290.7281731129045
2024-10-28 19:05:07.312452,enact,520,featured_latency_mean,294.2656811075482
2024-10-28 19:05:17.573843,enact,521,featured_latency_mean,297.7855457074626
2024-10-28 19:05:27.861739,enact,522,featured_latency_mean,301.2878549094458
2024-10-28 19:05:38.150369,enact,523,featured_latency_mean,304.7726962714105
2024-10-28 19:05:48.438109,enact,524,featured_latency_mean,308.24015691457225
2024-10-28 19:05:58.715745,enact,525,featured_latency_mean,311.6903235256276
2024-10-28 19:06:08.985620,enact,526,featured_latency_mean,315.1232823589217
2024-10-28 19:06:19.272772,enact,527,featured_latency_mean,318.539119238604
2024-10-28 19:06:29.558960,enact,528,featured_latency_mean,321.93791956077456
2024-10-28 19:06:39.843170,enact,529,featured_latency_mean,325.31976829561825
2024-10-28 19:06:50.127021,enact,530,featured_latency_mean,328.68474998952973
2024-10-28 19:07:00.380261,enact,531,featured_latency_mean,332.03294876722674
2024-10-28 19:07:10.666181,enact,532,featured_latency_mean,335.36444833385275
2024-10-28 19:07:20.928536,enact,533,featured_latency_mean,338.6793319770707
2024-10-28 19:07:31.211805,enact,534,featured_latency_mean,341.97768256914435
2024-10-28 19:07:41.475530,enact,535,featured_latency_mean,345.25958256901015
2024-10-28 19:07:51.758409,enact,536,featured_latency_mean,348.525114024339
2024-10-28 19:08:02.063434,enact,537,featured_latency_mean,351.7743585735876
2024-10-28 19:08:12.329859,enact,538,featured_latency_mean,355.0073974480386
2024-10-28 19:08:22.583121,enact,539,featured_latency_mean,358.22431147383264
2024-10-28 19:08:32.869697,enact,540,featured_latency_mean,361.42518107398746
2024-10-28 19:08:43.158836,enact,541,featured_latency_mean,364.6100862704101
2024-10-28 19:08:53.425449,enact,542,featured_latency_mean,367.7791066858962
2024-10-28 19:09:03.711069,enact,543,featured_latency_mean,370.9323215461212
2024-10-28 19:09:13.988119,enact,544,featured_latency_mean,374.069809681621
2024-10-28 19:09:24.271377,enact,545,featured_latency_mean,377.1916495297622
2024-10-28 19:09:34.551820,enact,546,featured_latency_mean,380.2979191367038
2024-10-28 19:09:44.836639,enact,547,featured_latency_mean,383.38869615934743
2024-10-28 19:09:55.122228,enact,548,featured_latency_mean,386.46405786728
2024-10-28 19:10:05.393411,enact,549,featured_latency_mean,389.52408114470416
2024-10-28 19:10:15.680187,enact,550,featured_latency_mean,392.56884249236145
2024-10-28 19:10:25.967584,enact,551,featured_latency_mean,395.5984180294439
2024-10-28 19:10:36.251073,enact,552,featured_latency_mean,398.61288349549767
2024-10-28 19:10:46.540514,enact,553,featured_latency_mean,401.61231425231665
2024-10-28 19:10:56.827455,enact,554,featured_latency_mean,404.59678528582583
2024-10-28 19:11:07.103426,enact,555,featured_latency_mean,407.5663712079567
2024-10-28 19:11:17.389085,enact,556,featured_latency_mean,410.5211462585118
2024-10-28 19:11:27.634259,enact,557,featured_latency_mean,413.4611843070212
2024-10-28 19:11:37.922235,enact,558,featured_latency_mean,416.38655885458957
2024-10-28 19:11:48.191371,enact,559,featured_latency_mean,419.2973430357324
2024-10-28 19:11:58.477830,enact,560,featured_latency_mean,422.19360962020653
2024-10-28 19:12:08.717730,enact,561,featured_latency_mean,425.0754310148268
2024-10-28 19:12:19.005393,enact,562,featured_latency_mean,427.9428792652785
2024-10-28 19:12:29.293038,enact,563,featured_latency_mean,430.79602605791723
2024-10-28 19:12:39.539941,enact,564,featured_latency_mean,433.63494272156123
2024-10-28 19:12:49.827675,enact,565,featured_latency_mean,436.45970022927503
2024-10-28 19:13:00.111835,enact,566,featured_latency_mean,439.27036920014353
2024-10-28 19:13:10.350577,enact,567,featured_latency_mean,442.0670199010374
2024-10-28 19:13:20.639644,enact,568,featured_latency_mean,444.84972224836974
2024-10-28 19:13:30.921499,enact,569,featured_latency_mean,447.6185458098442
2024-10-28 19:13:41.199969,enact,570,featured_latency_mean,450.37355980619395
2024-10-28 19:13:51.484571,enact,571,featured_latency_mean,453.1148331129125
2024-10-28 19:14:01.750324,enact,572,featured_latency_mean,455.84243426197537
2024-10-28 19:14:12.023472,enact,573,featured_latency_mean,458.556431443553
2024-10-28 19:14:22.311747,enact,574,featured_latency_mean,461.25689250771666
2024-10-28 19:14:32.588809,enact,575,featured_latency_mean,463.94388496613345
2024-10-28 19:14:42.876316,enact,576,featured_latency_mean,466.61747599375474
2024-10-28 19:14:53.159583,enact,577,featured_latency_mean,469.2777324304954
2024-10-28 19:15:03.422710,enact,578,featured_latency_mean,471.9247207829053
2024-10-28 19:15:13.707998,enact,579,featured_latency_mean,474.5585072258306
2024-10-28 19:15:23.990258,enact,580,featured_latency_mean,477.1791576040699
2024-10-28 19:15:34.275694,enact,581,featured_latency_mean,479.78673743401896
2024-10-28 19:15:44.563048,enact,582,featured_latency_mean,482.3813119053094
2024-10-28 19:15:54.850385,enact,583,featured_latency_mean,484.9629458824382
2024-10-28 19:16:05.097604,enact,584,featured_latency_mean,487.53170390638905
2024-10-28 19:16:15.382885,enact,585,featured_latency_mean,490.0876501962465
2024-10-28 19:16:25.663036,enact,586,featured_latency_mean,492.630848650801
2024-10-28 19:16:35.928907,enact,587,featured_latency_mean,495.16136285014636
2024-10-28 19:16:46.215551,enact,588,featured_latency_mean,497.67925605726913
2024-10-28 19:16:56.486806,enact,589,featured_latency_mean,500.18459121963076
2024-10-28 19:17:06.744637,enact,590,featured_latency_mean,502.67743097074083
2024-10-28 19:17:17.032300,enact,591,featured_latency_mean,505.15783763172294
2024-10-28 19:17:27.319250,enact,592,featured_latency_mean,507.62587321287276
2024-10-28 19:17:37.582574,enact,593,featured_latency_mean,510.08159941520853
2024-10-28 19:17:47.859371,enact,594,featured_latency_mean,512.5250776320129
2024-10-28 19:17:58.108971,enact,595,featured_latency_mean,514.9563689503688
2024-10-28 19:18:08.397290,enact,596,featured_latency_mean,517.3755341526858
2024-10-28 19:18:18.637986,enact,597,featured_latency_mean,519.7826337182198
2024-10-28 19:18:28.922952,enact,598,featured_latency_mean,522.1777278245856
2024-10-28 19:18:39.221242,enact,599,featured_latency_mean,524.5608763492603
2024-10-28 19:18:49.504442,enact,600,featured_latency_mean,526.9321388710812
